,ultima_linha,ultima_coluna
numero_de_valores,4.0,7.0
media,25.40682110471004,34.589810196332046
std,10.603442150179653,29.495015377901332
min,16.22397083509577,5.292
25%,16.22397083509577,11.8285
50%,25.40682110471004,34.58967137432431
75%,34.58967137432431,45.795
max,34.58967137432431,87.0
